Customer_ID,Age,Monthly_Spend,Orders,Delivery_Days,Satisfaction
C001,22,1200,8,2,4
C002,31,1850,12,3,5
C003,28,1500,10,2,4
C004,45,2100,14,4,5
C005,36,980,6,5,3
C006,24,1300,9,2,4
C007,52,2500,16,3,5
C008,41,1700,11,4,4
C009,29,1100,7,3,4
C010,33,1950,13,2,5
C011,26,900,5,6,2
C012,39,1600,10,3,4
C013,48,2300,15,4,5
C014,35,1450,9,3,4
C015,23,1050,7,2,4
C016,57,3200,19,3,5
C017,30,1550,10,3,4
C018,44,2000,13,4,5
C019,27,1250,8,2,4
C020,38,1750,12,3,5
C021,34,1400,9,4,3
C022,49,2400,15,3,5
C023,25,1000,6,5,3
C024,42,1900,12,3,4
C025,37,1650,11,3,4
C026,55,2800,17,4,5
C027,32,1350,8,3,4
C028,46,2200,14,4,5
C029,21,850,5,7,2
C030,40,1800,12,3,4
C031,29,1180,7,2,4
C032,51,2600,16,3,5
C033,36,1500,9,3,4
C034,43,2050,13,4,5
C035,27,950,6,5,3
C036,47,2150,14,3,5
C037,39,1750,11,3,4
C038,24,1150,7,2,4
C039,53,2700,17,4,5
C040,31,1600,10,3,4
C041,28,1250,8,2,4
C042,45,2350,15,3,5
C043,33,1450,9,4,3
C044,50,2550,16,3,5
C045,26,920,5,6,2
C046,41,1850,12,3,4
C047,35,1550,10,3,4
C048,58,4800,25,12,1
C049,30,1320,8,2,4
C050,44,2050,13,4,5
